epoch_iso,t_s,dist_m,pdop_present,pdop_los_total,pdop_los_gps,pdop_los_galileo
2026-05-09T10:00:00+00:00,0,0.0,1.2177859626148053,20.43809433871363,,
2026-05-09T10:00:01+00:00,1,8.333,1.217783267794687,6.817367675138748,8.107370542651905,
2026-05-09T10:00:02+00:00,2,16.667,1.2177805525302512,6.816919909057192,8.1076635311758,
2026-05-09T10:00:03+00:00,3,25.0,1.2177778188669275,14.263509118796534,,
2026-05-09T10:00:04+00:00,4,33.333,1.2177750648134285,17.360845693918485,,
2026-05-09T10:00:05+00:00,5,41.667,1.2177722894123688,11.527920853447958,,
2026-05-09T10:00:06+00:00,6,50.0,1.2177694928847498,62.99441461904416,,
2026-05-09T10:00:07+00:00,7,58.333,1.2177666762568649,17.3492604549033,,
2026-05-09T10:00:08+00:00,8,66.667,1.2177638404282751,6.66638310490191,,20.66484104197892
2026-05-09T10:00:09+00:00,9,75.0,1.217760984156768,2.713299201584138,4.5913659864671335,20.652854633119013
2026-05-09T10:00:10+00:00,10,83.333,1.2177581048401105,2.1319955101101185,2.5247648177523065,
2026-05-09T10:00:11+00:00,11,91.667,1.2177552198625379,2.440901006145986,2.7663111300688707,
2026-05-09T10:00:12+00:00,12,100.0,1.2177523206642298,4.725057332407716,12.874318939727003,
2026-05-09T10:00:13+00:00,13,108.333,1.2177494015624188,5.249877288780942,,
2026-05-09T10:00:14+00:00,14,116.667,1.2177464620178342,2.9988656980879687,4.312860385894285,
2026-05-09T10:00:15+00:00,15,125.0,1.217743501743384,10.663544090126381,,
2026-05-09T10:00:16+00:00,16,133.333,1.2177405212568913,8.671043902043415,,
2026-05-09T10:00:17+00:00,17,141.667,1.217737502710291,8.6045415428652,,20.55762951909444
2026-05-09T10:00:18+00:00,18,150.0,1.217734451180478,11.497214033118954,,
2026-05-09T10:00:19+00:00,19,158.333,1.217731377882822,6.598586670636474,8.112711487874359,20.534005754669828
2026-05-09T10:00:20+00:00,20,166.667,1.2177282803627045,3.5703902550167235,4.037076754677566,20.52222101996633
2026-05-09T10:00:21+00:00,21,175.0,1.2177251618679168,6.1965508780333085,,
2026-05-09T10:00:22+00:00,22,183.333,1.217722022266543,6.165059105454967,8.105404039837689,
2026-05-09T10:00:23+00:00,23,191.667,1.2177188622429445,3.8640165690739066,4.560213405779169,20.486975457230837
2026-05-09T10:00:24+00:00,24,200.0,1.2177156817978112,2.258343040222643,2.8499912999477757,20.475263050201313
2026-05-09T10:00:25+00:00,25,208.333,1.2177124809318545,5.659481935712948,,
2026-05-09T10:00:26+00:00,26,216.667,1.2177092596457915,3.8691284091020335,4.565210732631876,20.45189219129435
2026-05-09T10:00:27+00:00,27,225.0,1.217706017940359,5.135320961809646,8.117520744297282,
2026-05-09T10:00:28+00:00,28,233.333,1.217702755816298,2.8387875479448934,3.6953832871856322,20.428593020920232
2026-05-09T10:00:29+00:00,29,241.667,1.2176994741111984,3.1245817209987634,6.320504601804299,20.416970254508428
2026-05-09T10:00:30+00:00,30,250.0,1.2176961720635895,2.699254667840704,3.354980056380743,20.405365300268222
2026-05-09T10:00:31+00:00,31,258.333,1.2176928491218488,10.177476350028686,,
2026-05-09T10:00:32+00:00,32,266.667,1.2176895051190566,10.488703330328532,,
2026-05-09T10:00:33+00:00,33,275.0,1.2176861407016937,3.9401408093468957,,
2026-05-09T10:00:34+00:00,34,283.333,1.2176827558705883,38.91606354950595,,
2026-05-09T10:00:35+00:00,35,291.667,1.2176793506265784,,,
2026-05-09T10:00:36+00:00,36,300.0,1.2176759249705105,,,
2026-05-09T10:00:37+00:00,37,308.333,1.217672478903251,3.6364092124179153,4.635644353539608,
2026-05-09T10:00:38+00:00,38,316.667,1.217669012425675,3.488039660595537,5.001088138821082,
2026-05-09T10:00:39+00:00,39,325.0,1.2176655255386735,3.488567536677403,5.0024213457896325,
2026-05-09T10:00:40+00:00,40,333.333,1.2176620182431506,15.296625416144995,,
2026-05-09T10:00:41+00:00,41,341.667,1.2176584906438053,2.6568626685892327,3.362503493278844,
2026-05-09T10:00:42+00:00,42,350.0,1.2176549436523145,2.261484337182163,11.114033680685472,
2026-05-09T10:00:43+00:00,43,358.333,1.217651376254372,6.659684559709187,11.108458720402973,
2026-05-09T10:00:44+00:00,44,366.667,1.217647789350222,3.5400718704103173,3.955849221737909,
2026-05-09T10:00:45+00:00,45,375.0,1.2176441944033345,2.4929043777912234,3.205761303032493,20.233403041493
2026-05-09T10:00:46+00:00,46,383.333,1.2176405732620417,1.943386861795365,2.515710931372913,20.22207820330877
2026-05-09T10:00:47+00:00,47,391.667,1.2176368940529927,2.9818452626790255,4.925676641601081,
2026-05-09T10:00:48+00:00,48,400.0,1.2176332517013897,5.761600397112582,,
2026-05-09T10:00:49+00:00,49,408.333,1.2176295959640582,5.762659699278096,,
2026-05-09T10:00:50+00:00,50,416.667,1.2176259196475574,2.358340772908907,3.5235446944503135,20.176949776024458
2026-05-09T10:00:51+00:00,51,425.0,1.2176222224153093,2.26368234912543,2.8485699015151145,20.165710765652364
2026-05-09T10:00:52+00:00,52,433.333,1.2176185047387393,1.964660840436491,2.550906345168388,20.154488766910845
2026-05-09T10:00:53+00:00,53,441.667,1.2176147666188626,3.4793226684572276,4.220439693568667,
2026-05-09T10:00:54+00:00,54,450.0,1.2176110079925535,6.079285425730187,17.93523657762635,
2026-05-09T10:00:55+00:00,55,458.333,1.2176071805411968,8.093131117683447,,
2026-05-09T10:00:56+00:00,56,466.667,1.2176033327054387,2.489442290031107,3.197974964376196,20.109768403674597
2026-05-09T10:00:57+00:00,57,475.0,1.2175994644864083,6.573822131708834,8.124428570140692,20.09862998006467
2026-05-09T10:00:58+00:00,58,483.333,1.2175955758852643,3.3697669290037844,,20.087508360280047
2026-05-09T10:00:59+00:00,59,491.667,1.2175916658517127,3.617812797503958,4.077642836658391,20.076403468832748
2026-05-09T10:01:00+00:00,60,500.0,1.2175877324436628,6.780646634663722,,
2026-05-09T10:01:01+00:00,61,508.333,1.2175837780416858,5.027184337706471,12.56652723241397,
2026-05-09T10:01:02+00:00,62,516.667,1.2175797923035656,3.1202382637341284,4.904672229859414,
2026-05-09T10:01:03+00:00,63,525.0,1.217575785491602,5.03001354934351,12.567577216466388,
2026-05-09T10:01:04+00:00,64,533.333,1.217571758312184,6.63062894359409,,20.0211272568405
2026-05-09T10:01:05+00:00,65,541.667,1.217567710766565,5.291095498442266,15.408589296984589,
2026-05-09T10:01:06+00:00,66,550.0,1.2175636428560084,8.164524200704625,,
2026-05-09T10:01:07+00:00,67,558.333,1.217559554581785,8.164003956864097,,
2026-05-09T10:01:08+00:00,68,566.667,1.2175554459451854,11.677209359565238,,
2026-05-09T10:01:09+00:00,69,575.0,1.2175513169475134,,,
2026-05-09T10:01:10+00:00,70,583.333,1.2175471675900773,,,
2026-05-09T10:01:11+00:00,71,591.667,1.2175429978742134,,,
2026-05-09T10:01:12+00:00,72,600.0,1.2175388078012566,95.19792236860589,,
2026-05-09T10:01:13+00:00,73,608.333,1.2175345973725609,6.784917877438359,8.129543292933286,
2026-05-09T10:01:14+00:00,74,616.667,1.2175303665894954,2.9392671361184317,3.719696233350639,19.911810980243512
2026-05-09T10:01:15+00:00,75,625.0,1.2175261153569217,10.45821244031929,,19.900969163662857
2026-05-09T10:01:16+00:00,76,633.333,1.2175218437191828,4.493256786240218,8.408588073948907,19.890143542164427
2026-05-09T10:01:17+00:00,77,641.667,1.2175175517313137,2.2377708546165085,4.654179878991859,3.7306309338778134
2026-05-09T10:01:18+00:00,78,650.0,1.217513239394734,8.070313866247362,8.420366253123692,
2026-05-09T10:01:19+00:00,79,658.333,1.2175089067108753,5.217555698948136,12.575550934089675,
2026-05-09T10:01:20+00:00,80,666.667,1.2175045551605463,6.589871209299783,12.576024153976899,
2026-05-09T10:01:21+00:00,81,675.0,1.2175001838831687,4.104878246290822,,19.836257396461274
2026-05-09T10:01:22+00:00,82,683.333,1.217495792262022,8.510963206060184,,
2026-05-09T10:01:23+00:00,83,691.667,1.2174913802985903,21.05214518853898,,
2026-05-09T10:01:24+00:00,84,700.0,1.217486947430702,3.31606848802585,4.2167281481556955,
2026-05-09T10:01:25+00:00,85,708.333,1.2174824933834334,8.101633027527509,8.461912114375947,
2026-05-09T10:01:26+00:00,86,716.667,1.2174780183081577,4.143608846710753,4.670695766319513,
2026-05-09T10:01:27+00:00,87,725.0,1.2174735228975333,2.5949529340496045,3.293428478346461,
2026-05-09T10:01:28+00:00,88,733.333,1.2174690071531067,4.513215723426134,8.479872653514496,19.761488011822056
2026-05-09T10:01:29+00:00,89,741.667,1.2174644710764453,8.119566346478564,8.485880347446818,
2026-05-09T10:01:30+00:00,90,750.0,1.2174599146691236,2.3599790740042077,2.7912328360481276,
2026-05-09T10:01:31+00:00,91,758.333,1.217455337932732,6.776739567283931,8.13543503648645,
2026-05-09T10:01:32+00:00,92,766.667,1.2174507421707177,8.49266170896832,,
2026-05-09T10:01:33+00:00,93,775.0,1.2174461261589422,3.2290682734323566,,3.724437205867234
2026-05-09T10:01:34+00:00,94,783.333,1.217441489822372,3.1039795951608657,3.7151118683572264,
2026-05-09T10:01:35+00:00,95,791.667,1.217436833162645,13.82292535784104,,
2026-05-09T10:01:36+00:00,96,800.0,1.217432156181417,6.802127752893042,8.137098079979248,
2026-05-09T10:01:37+00:00,97,808.333,1.2174274588803553,3.124702970384229,3.7144313353870224,
2026-05-09T10:01:38+00:00,98,816.667,1.2174227412611414,6.5756278479184544,8.137766542733596,
2026-05-09T10:01:39+00:00,99,825.0,1.2174180031092465,6.54637890717039,8.138101469049072,19.645551049648436
2026-05-09T10:01:40+00:00,100,833.333,1.2174132445545094,11.301471428581328,,
2026-05-09T10:01:41+00:00,101,841.667,1.2174084656868658,6.57383713373368,8.138772717246692,
2026-05-09T10:01:42+00:00,102,850.0,1.217403666508052,13.790227554447354,,
2026-05-09T10:01:43+00:00,103,858.333,1.2173988470198127,8.072451326068702,,
2026-05-09T10:01:44+00:00,104,866.667,1.2173940072239076,2.686059487325585,3.9180959035456095,19.593472225963183
2026-05-09T10:01:45+00:00,105,875.0,1.2173891471221097,48.86823746405159,,
2026-05-09T10:01:46+00:00,106,883.333,1.2173842667162003,6.0438520241058376,,
2026-05-09T10:01:47+00:00,107,891.667,1.2173793660079832,5.911398932628696,,
2026-05-09T10:01:48+00:00,108,900.0,1.2173744445510308,5.3122183316620655,14.996367972566654,
2026-05-09T10:01:49+00:00,109,908.333,1.2173695021747042,11.279810956049323,,
2026-05-09T10:01:50+00:00,110,916.667,1.217364539501991,13.752999774049028,,
2026-05-09T10:01:51+00:00,111,925.0,1.2173595565347415,3.1231795159832245,3.711279627394114,
2026-05-09T10:01:52+00:00,112,933.333,1.2173545538295651,5.592957121019677,16.97994516638735,
2026-05-09T10:01:53+00:00,113,941.667,1.2173495320997,2.9905087765415987,4.834704677220705,
2026-05-09T10:01:54+00:00,114,950.0,1.2173444900801587,8.067931210574757,,
2026-05-09T10:01:55+00:00,115,958.333,1.2173394277523915,,,
2026-05-09T10:01:56+00:00,116,966.667,1.2173343445504132,6.864185837663399,,
2026-05-09T10:01:57+00:00,117,975.0,1.2173292410647654,6.849484019191614,,19.459845413728555
2026-05-09T10:01:58+00:00,118,983.333,1.2173241172973963,6.533949796672001,8.144554123892902,19.449671495979548
2026-05-09T10:01:59+00:00,119,991.667,1.2173189732502556,12.457628611857507,,
2026-05-09T10:02:00+00:00,120,1000.0,1.2173138089253157,13.664248566640618,,
2026-05-09T10:02:01+00:00,121,1008.333,1.2173086243245548,11.090237863125171,,
2026-05-09T10:02:02+00:00,122,1016.667,1.2173034194499714,182.04206158322796,,
2026-05-09T10:02:03+00:00,123,1025.0,1.2172981943035688,,,
2026-05-09T10:02:04+00:00,124,1033.333,1.2172929488873716,2.5838118185188015,8.146627334710779,3.4997856660882456
2026-05-09T10:02:05+00:00,125,1041.667,1.217287682855669,11.241237358324256,,
2026-05-09T10:02:06+00:00,126,1050.0,1.2172823951745086,,,
2026-05-09T10:02:07+00:00,127,1058.333,1.2172770872304317,10.397510081604711,,
2026-05-09T10:02:08+00:00,128,1066.667,1.2172717590255135,11.085695321085572,,
2026-05-09T10:02:09+00:00,129,1075.0,1.2172664105618423,11.231581605522715,,
2026-05-09T10:02:10+00:00,130,1083.333,1.2172610418415188,8.584851424066684,,
2026-05-09T10:02:11+00:00,131,1091.667,1.2172556528666554,8.583875833211003,,
2026-05-09T10:02:12+00:00,132,1100.0,1.2172502436393764,10.385822597168819,,
2026-05-09T10:02:13+00:00,133,1108.333,1.217244814738853,3.3038153756891675,4.211235647649181,
2026-05-09T10:02:14+00:00,134,1116.667,1.217239365911123,3.3718425899499294,,
2026-05-09T10:02:15+00:00,135,1125.0,1.2172338968370515,2.5315341396455917,,3.6237465195219842
2026-05-09T10:02:16+00:00,136,1133.333,1.2172284075188213,5.821877318916001,,
2026-05-09T10:02:17+00:00,137,1141.667,1.217222897958621,8.372678212482013,,19.259156692661847
2026-05-09T10:02:18+00:00,138,1150.0,1.2172173681586558,6.520860203939434,8.151531890704833,19.24927445499669
2026-05-09T10:02:19+00:00,139,1158.333,1.2172118181211449,8.128565166541778,,
2026-05-09T10:02:20+00:00,140,1166.667,1.2172062478483172,5.606718788565568,16.55589136733442,
2026-05-09T10:02:21+00:00,141,1175.0,1.2172006573424174,3.180496811368179,16.541158292807314,19.219713357750663
2026-05-09T10:02:22+00:00,142,1183.333,1.217195046605703,2.9303092142692564,3.704440019752269,19.209888104720758
2026-05-09T10:02:23+00:00,143,1191.667,1.2171894153314997,2.311715916417114,3.7042225241225326,3.212610860501579
2026-05-09T10:02:24+00:00,144,1200.0,1.2171837625722886,2.297520157056001,16.497124389660353,3.2407759546744765
2026-05-09T10:02:25+00:00,145,1208.333,1.2171780920391566,5.192351300899389,12.600454073795802,
2026-05-09T10:02:26+00:00,146,1216.667,1.2171724012839764,169.1492909081276,,
2026-05-09T10:02:27+00:00,147,1225.0,1.2171666891369903,11.697601044141303,,
2026-05-09T10:02:28+00:00,148,1233.333,1.2171609534684085,7.964661461817992,,
2026-05-09T10:02:29+00:00,149,1241.667,1.217155197586694,2.929394211915135,3.702921571773416,19.14150643781467
2026-05-09T10:02:30+00:00,150,1250.0,1.2171494222715578,3.0932197895687117,3.702705408773458,
2026-05-09T10:02:31+00:00,151,1258.333,1.217143629783968,2.0109933324207523,2.847646216505493,3.7025778940021143
2026-05-09T10:02:32+00:00,152,1266.667,1.2171378170887586,2.926788907667224,3.4949149414732044,
2026-05-09T10:02:33+00:00,153,1275.0,1.2171319841883261,2.829448620450383,3.4940857778559304,
2026-05-09T10:02:34+00:00,154,1283.333,1.2171261310850856,2.9259778842614486,3.4932570873302953,
2026-05-09T10:02:35+00:00,155,1291.667,1.217120257781465,2.2088836131020186,3.1444404020839776,
2026-05-09T10:02:36+00:00,156,1300.0,1.217114364279903,2.3904908721266036,4.777477846315309,19.073810331962918
2026-05-09T10:02:37+00:00,157,1308.333,1.2171084505828542,,,
2026-05-09T10:02:38+00:00,158,1316.667,1.2171025166927834,13.532785974542744,,
2026-05-09T10:02:39+00:00,159,1325.0,1.2170965626121661,14.113158960409173,,19.045005269032977
2026-05-09T10:02:40+00:00,160,1333.333,1.2170905883435008,2.7563851593626247,3.88467661133077,
2026-05-09T10:02:41+00:00,161,1341.667,1.2170845938892894,2.860235075667582,,
2026-05-09T10:02:42+00:00,162,1350.0,1.2170785792520509,3.222857157444983,,
2026-05-09T10:02:43+00:00,163,1358.333,1.217072544434317,7.129823846275075,,
2026-05-09T10:02:44+00:00,164,1366.667,1.2170664909502429,11.146918199287255,,
2026-05-09T10:02:45+00:00,165,1375.0,1.2170604174061663,3.2497454297525876,4.207890398743238,
2026-05-09T10:02:46+00:00,166,1383.333,1.2170543236885312,2.2139377322258467,2.736553801148918,
2026-05-09T10:02:47+00:00,167,1391.667,1.2170482097999147,2.8667137887919627,4.755399812242768,18.968793700349845
2026-05-09T10:02:48+00:00,168,1400.0,1.2170420757429161,1.8731358115171213,2.2124514587348116,18.959328351344354
2026-05-09T10:02:49+00:00,169,1408.333,1.2170359215418758,8.482663285963373,9.002625713181184,
2026-05-09T10:02:50+00:00,170,1416.667,1.2170297471909626,1.5670584308393891,2.522206856796477,4.140655018441686
2026-05-09T10:02:51+00:00,171,1425.0,1.2170235526795166,1.5691891917665737,2.4834814432086403,20.215636197787624
2026-05-09T10:02:52+00:00,172,1433.333,1.217017338010182,1.5785910224747541,4.211202624575349,2.469085368288204
2026-05-09T10:02:53+00:00,173,1441.667,1.2170110986128846,1.4859975268875627,1.6741199425582363,18.91220315653619
2026-05-09T10:02:54+00:00,174,1450.0,1.2170048261497461,2.6396205378112585,3.2970403869561564,18.90281759641683
2026-05-09T10:02:55+00:00,175,1458.333,1.2169985336403768,3.76708856814729,4.215086494281294,18.893445370951216
2026-05-09T10:02:56+00:00,176,1466.667,1.2169922183093826,2.199992873765627,4.231440434326291,3.2039483245263285
2026-05-09T10:02:57+00:00,177,1475.0,1.2169858583589144,2.3585642684650363,8.16570150645126,3.0870193140232454
2026-05-09T10:02:58+00:00,178,1483.333,1.2169794781474454,2.695590395756935,12.60811053202188,10.71501084711813
2026-05-09T10:02:59+00:00,179,1491.667,1.2169730733479114,2.8356677193043964,3.7003015208711476,
2026-05-09T10:03:00+00:00,180,1500.0,1.216966680833747,2.483518716264337,3.700105732072674,18.846779004133875
2026-05-09T10:03:01+00:00,181,1508.333,1.216960318517166,2.3521293008844393,14.166727818244608,18.837488169500137
2026-05-09T10:03:02+00:00,182,1516.667,1.2169539372693559,8.25520093122881,,
2026-05-09T10:03:03+00:00,183,1525.0,1.216947536145174,7.31201493889527,22.506220180331994,
2026-05-09T10:03:04+00:00,184,1533.333,1.2169411148733231,8.961742734185492,,
2026-05-09T10:03:05+00:00,185,1541.667,1.216934673456601,16.91996818335619,,
2026-05-09T10:03:06+00:00,186,1550.0,1.216928211897808,11.96470019632424,,
2026-05-09T10:03:07+00:00,187,1558.333,1.2169217301997624,4.738160893736605,,
2026-05-09T10:03:08+00:00,188,1566.667,1.2169152283652909,4.000477649853188,12.609805897820337,
2026-05-09T10:03:09+00:00,189,1575.0,1.216908706397241,6.551011280329906,,18.763633234000814
2026-05-09T10:03:10+00:00,190,1583.333,1.2169021628223027,12.00088693169574,,
2026-05-09T10:03:11+00:00,191,1591.667,1.2168955950985811,11.081433887972006,,
2026-05-09T10:03:12+00:00,192,1600.0,1.216889007254425,12.242556670840717,,
2026-05-09T10:03:13+00:00,193,1608.333,1.216882399292732,12.239633925743826,,
2026-05-09T10:03:14+00:00,194,1616.667,1.2168757712164155,16.582407012438782,,
2026-05-09T10:03:15+00:00,195,1625.0,1.2168691230284019,6.5472066508529965,,18.708785871800238
2026-05-09T10:03:16+00:00,196,1633.333,1.2168624547316298,3.795417220008435,4.242777083617513,18.699689593967435
2026-05-09T10:03:17+00:00,197,1641.667,1.2168557663290553,6.482233870359347,8.173272805142275,18.690606100542716
2026-05-09T10:03:18+00:00,198,1650.0,1.2168490578236426,2.2365553798296975,2.7305265507661067,
2026-05-09T10:03:19+00:00,199,1658.333,1.2168423292809378,6.188033508071834,,
2026-05-09T10:03:20+00:00,200,1666.667,1.216835578550677,,,
2026-05-09T10:03:21+00:00,201,1675.0,1.2168288071483242,,,
2026-05-09T10:03:22+00:00,202,1683.333,1.2168220156571399,,,
2026-05-09T10:03:23+00:00,203,1691.667,1.216815204080166,7.589306929512964,,
2026-05-09T10:03:24+00:00,204,1700.0,1.2168083724204464,143.0322278875749,,
2026-05-09T10:03:25+00:00,205,1708.333,1.2168015206810356,,,
2026-05-09T10:03:26+00:00,206,1716.667,1.2167946481519833,,,
2026-05-09T10:03:27+00:00,207,1725.0,1.2167877525072404,4.410554214211185,8.007497554275501,
2026-05-09T10:03:28+00:00,208,1733.333,1.2167808391081485,,,
2026-05-09T10:03:29+00:00,209,1741.667,1.2167739056428237,,,
2026-05-09T10:03:30+00:00,210,1750.0,1.2167669521143853,,,
2026-05-09T10:03:31+00:00,211,1758.333,1.216759978525982,13.130033788223262,,
2026-05-09T10:03:32+00:00,212,1766.667,1.216752984880754,9.664692861420992,,
2026-05-09T10:03:33+00:00,213,1775.0,1.2167459700344283,2.356613333537113,3.1234090810504767,
2026-05-09T10:03:34+00:00,214,1783.333,1.2167389369470176,6.471108980490692,8.179871408398386,18.538117911116828
2026-05-09T10:03:35+00:00,215,1791.667,1.2167318838118226,3.0178381687942757,6.154092838959768,18.529260377559993
2026-05-09T10:03:36+00:00,216,1800.0,1.216724810632048,3.822765740294441,4.269986309260791,18.5204151824237
2026-05-09T10:03:37+00:00,217,1808.333,1.2167177174109063,2.20827351851775,9.35072284808986,3.678806744515969
2026-05-09T10:03:38+00:00,218,1816.667,1.2167106039728857,3.007764959839605,3.8518227369417497,
2026-05-09T10:03:39+00:00,219,1825.0,1.2167034704630821,6.467837433194303,8.18184103206338,18.49395338551989
2026-05-09T10:03:40+00:00,220,1833.333,1.2166963169218048,11.011006015352889,,
2026-05-09T10:03:41+00:00,221,1841.667,1.2166891433523173,11.008576146262744,,
2026-05-09T10:03:42+00:00,222,1850.0,1.2166819497579036,11.006146212272299,,
2026-05-09T10:03:43+00:00,223,1858.333,1.2166747361418568,3.3968762548753433,5.242081579100298,
2026-05-09T10:03:44+00:00,224,1866.667,1.2166675025074853,11.001286158372096,,
2026-05-09T10:03:45+00:00,225,1875.0,1.216660248858107,6.616319520641455,9.411846974655395,
2026-05-09T10:03:46+00:00,226,1883.333,1.216652975727366,4.7512051380818745,9.419553075209441,18.43263678748402
2026-05-09T10:03:47+00:00,227,1891.667,1.2166456826596714,8.201119478896793,,18.42392582880216
2026-05-09T10:03:48+00:00,228,1900.0,1.2166383695865441,6.4619493698460815,8.185419802464569,18.415226937384013
2026-05-09T10:03:49+00:00,229,1908.333,1.2166310365113566,2.437768439562704,3.0833998809557204,18.406540090989804
2026-05-09T10:03:50+00:00,230,1916.667,1.216623682947474,1.9257169406839225,2.467906689355664,18.39786525093847
2026-05-09T10:03:51+00:00,231,1925.0,1.216616308867302,2.3481311020871365,2.9313424327963284,18.38920239406392
2026-05-09T10:03:52+00:00,232,1933.333,1.2166089147960424,2.436916760368149,3.0815380000533272,18.380551515873062
2026-05-09T10:03:53+00:00,233,1941.667,1.216601500737115,2.4769525004699546,3.689341655301107,18.371912594342884
2026-05-09T10:03:54+00:00,234,1950.0,1.2165940666939623,2.6785703203608056,13.897588064083397,18.363285607509784
2026-05-09T10:03:55+00:00,235,1958.333,1.2165866126700313,2.678251100174291,13.889464500310945,18.354670533461434
2026-05-09T10:03:56+00:00,236,1966.667,1.2165791386687868,2.923488262176113,,18.346067350334472
2026-05-09T10:03:57+00:00,237,1975.0,1.2165716446937007,2.9232390518629536,,18.33747603633228
2026-05-09T10:03:58+00:00,238,1983.333,1.2165641309205157,2.403490418371503,21.026964902472987,18.32889657549083
2026-05-09T10:03:59+00:00,239,1991.667,1.2165565976304213,2.4032274197564774,21.001859504260157,18.320328955454904
2026-05-09T10:04:00+00:00,240,2000.0,1.216549044376513,2.03093121148527,2.746770633495988,18.311773139417085
2026-05-09T10:04:01+00:00,241,2008.333,1.216541471162316,1.6617802146101162,2.7468067116609474,3.0817753516738446
2026-05-09T10:04:02+00:00,242,2016.667,1.216533877700418,1.8626416555699261,3.34968722836029,3.1866355615678104
2026-05-09T10:04:03+00:00,243,2025.0,1.2165262627823754,2.1851064343713067,4.200977974004387,3.1863733563004475
2026-05-09T10:04:04+00:00,244,2033.333,1.2165186283745109,1.6606875682875313,2.14463833584686,3.1861111606351757
2026-05-09T10:04:05+00:00,245,2041.667,1.2165109753558598,1.80943727162225,2.786344841057067,3.1858489815836335
2026-05-09T10:04:06+00:00,246,2050.0,1.2165033168701838,1.8096167377839931,2.786356598505317,3.185587146127293
2026-05-09T10:04:07+00:00,247,2058.333,1.2164956476571291,1.8097962950088853,2.7863688274017866,3.1853255324071967
2026-05-09T10:04:08+00:00,248,2066.667,1.2164879584460457,2.2134887882617624,3.6824450348399287,3.08120900424115
2026-05-09T10:04:09+00:00,249,2075.0,1.2164802459991502,2.0496833326205866,2.676739637664859,18.235298136195112
2026-05-09T10:04:10+00:00,250,2083.333,1.2164724843755383,2.213272190610053,3.6820504817164292,3.0810470374711927
2026-05-09T10:04:11+00:00,251,2091.667,1.2164647379318216,4.0559394405491425,6.11375780191319,8.304140690257576
2026-05-09T10:04:12+00:00,252,2100.0,1.216456957772074,2.641332341568297,3.6816564924239783,8.310074099457756
2026-05-09T10:04:13+00:00,253,2108.333,1.2164491306609166,2.490657013577614,4.6545249587897315,11.279050359368917
2026-05-09T10:04:14+00:00,254,2116.667,1.2164412722456137,2.490696079844166,4.653302596701251,11.287066056467701
2026-05-09T10:04:15+00:00,255,2125.0,1.2164334110314488,2.783255534168662,,3.0806434820286563
2026-05-09T10:04:16+00:00,256,2133.333,1.2164255296585706,2.6786204628385244,,3.0805628774569502
2026-05-09T10:04:17+00:00,257,2141.667,1.2164176284802914,3.2690730782349258,,18.168105764182734
2026-05-09T10:04:18+00:00,258,2150.0,1.2164097145450028,8.01498139311112,,
2026-05-09T10:04:19+00:00,259,2158.333,1.2164017807164176,6.5067439248432795,,18.151423078448417
2026-05-09T10:04:20+00:00,260,2166.667,1.2163938272299892,5.290459368809412,12.613526492061922,
2026-05-09T10:04:21+00:00,261,2175.0,1.2163858540644013,8.917793749403033,,
2026-05-09T10:04:22+00:00,262,2183.333,1.2163778610165377,57.09037707140029,,
2026-05-09T10:04:23+00:00,263,2191.667,1.2163698480902108,,,
2026-05-09T10:04:24+00:00,264,2200.0,1.2163618152892468,16.241588008760285,,
2026-05-09T10:04:25+00:00,265,2208.333,1.2163537625597205,16.24185293258045,,
2026-05-09T10:04:26+00:00,266,2216.667,1.2163456899011202,12.739241947012951,,
2026-05-09T10:04:27+00:00,267,2225.0,1.216337597327486,12.406943179816672,,
2026-05-09T10:04:28+00:00,268,2233.333,1.2163294846291157,11.026600811646802,,
2026-05-09T10:04:29+00:00,269,2241.667,1.21632135207577,13.271385665201647,,
2026-05-09T10:04:30+00:00,270,2250.0,1.216313199671353,,,
2026-05-09T10:04:31+00:00,271,2258.333,1.216305027419786,9.155208858243212,,
2026-05-09T10:04:32+00:00,272,2266.667,1.2162968353249926,7.100599251890399,,
2026-05-09T10:04:33+00:00,273,2275.0,1.2162886233909165,7.3369424192261885,,
2026-05-09T10:04:34+00:00,274,2283.333,1.216280391621512,3.118533880867275,,18.02774295689894
2026-05-09T10:04:35+00:00,275,2291.667,1.2162721423218303,1.9555123023329786,2.7162183973869993,3.177989419160426
2026-05-09T10:04:36+00:00,276,2300.0,1.2162638865606354,2.1154895704469525,2.7160344939352,18.011442637063016
2026-05-09T10:04:37+00:00,277,2308.333,1.2162556168563987,1.557597096024703,4.186231781049493,2.4637941056151837
2026-05-09T10:04:38+00:00,278,2316.667,1.216247331173206,1.3774585035762685,2.153119491154156,2.463745195549489
2026-05-09T10:04:39+00:00,279,2325.0,1.2162390308262854,1.5050642522333628,2.153370486156147,3.0787187971809167
2026-05-09T10:04:40+00:00,280,2333.333,1.2162307132729941,1.9241351043626584,2.78708170094616,3.0786390777418315
2026-05-09T10:04:41+00:00,281,2341.667,1.216222376125252,1.924155331871099,2.7871124072961346,3.0785593736103496
2026-05-09T10:04:42+00:00,282,2350.0,1.2162140191764221,1.8626496842639102,3.675819528068303,2.463550272717764
2026-05-09T10:04:43+00:00,283,2358.333,1.2162056423724565,1.8626426126509346,3.675628009332104,2.463501618463097
2026-05-09T10:04:44+00:00,284,2366.667,1.2161972457527481,1.9202116881421447,2.4534842320367334,17.946685008048988
2026-05-09T10:04:45+00:00,285,2375.0,1.2161888234469613,1.9242369147027194,2.7872405428237808,3.0782407363811406
2026-05-09T10:04:46+00:00,286,2383.333,1.2161803802803477,1.863990299634892,2.1551301144373327,17.930603761502702
2026-05-09T10:04:47+00:00,287,2391.667,1.2161719183884383,1.8641301854033692,2.1553818686374893,17.922579438641257
2026-05-09T10:04:48+00:00,288,2400.0,1.2161634369098206,1.8642700198339004,2.15563370649246,17.914565955012844
2026-05-09T10:04:49+00:00,289,2408.333,1.2161549384460661,1.8644097899251966,2.1558856123193086,17.906563467512644
2026-05-09T10:04:50+00:00,290,2416.667,1.2161464139368057,1.8645495352093566,2.1561376342483447,17.898571377651532
2026-05-09T10:04:51+00:00,291,2425.0,1.216137869595299,1.667275558779671,2.156389740431749,3.1738062468242076
2026-05-09T10:04:52+00:00,292,2433.333,1.2161292919277151,1.6674143535994062,2.1566419580539327,3.1735449618824374
2026-05-09T10:04:53+00:00,293,2441.667,1.216120695346293,1.6675530826480018,2.1568942582982586,3.173283692264034
2026-05-09T10:04:54+00:00,294,2450.0,1.2161120962314242,1.6676916678877023,2.157146570397414,3.1730223796928754
2026-05-09T10:04:55+00:00,295,2458.333,1.216103469216993,1.667830142345193,2.157398940019638,3.172760924352453
2026-05-09T10:04:56+00:00,296,2466.667,1.2160948116111965,1.667968511168921,2.1576513730282887,3.172499319683131
2026-05-09T10:04:57+00:00,297,2475.0,1.2160861105731808,1.668106794655516,2.1579038950738454,3.172237523062023
2026-05-09T10:04:58+00:00,298,2483.333,1.2160773661832012,1.6682450225359104,2.158156527493687,3.171975600065231
2026-05-09T10:04:59+00:00,299,2491.667,1.2160685738910595,1.6683832337119187,2.1584093023655684,3.171713604570958
2026-05-09T10:05:00+00:00,300,2500.0,1.2160597483142155,1.6685214332613707,2.158662210677048,3.171451647111863
2026-05-09T10:05:01+00:00,301,2508.333,1.2160509115070262,1.6686595457498539,2.1589151784409624,3.1711897140920375
2026-05-09T10:05:02+00:00,302,2516.667,1.216042064648962,1.3793013414112403,2.1591681747556266,2.4625765949384593
2026-05-09T10:05:03+00:00,303,2525.0,1.2160331981543224,1.5060165092803086,2.1594212522770473,3.076807755609776
2026-05-09T10:05:04+00:00,304,2533.333,1.2160243333118634,2.2987282693367055,2.7879661934357745,17.787785952155424
2026-05-09T10:05:05+00:00,305,2541.667,1.2160154490866821,2.2989672642361296,2.788009809562856,17.779951862524147
2026-05-09T10:05:06+00:00,306,2550.0,1.2160065493200847,2.2992064088318767,2.7880539611416304,17.772128425279888
2026-05-09T10:05:07+00:00,307,2558.333,1.215997629876635,1.5656803680977371,2.788098643710606,2.4623322334851636
2026-05-09T10:05:08+00:00,308,2566.667,1.215988690760755,1.8207769933097266,2.78814385704351,3.169356474639047
2026-05-09T10:05:09+00:00,309,2575.0,1.2159797319768673,2.0040849799146447,4.407681687387229,3.16909466546341
2026-05-09T10:05:10+00:00,310,2583.333,1.2159707535294109,2.0042573519023303,4.409266219701871,3.16883286916119
2026-05-09T10:05:11+00:00,311,2591.667,1.2159617554228417,1.5301751447995848,2.8927796889814914,3.168571085831684
2026-05-09T10:05:12+00:00,312,2600.0,1.2159527376616202,1.4760242124665712,2.445949326327501,3.1683093155741684
2026-05-09T10:05:13+00:00,313,2608.333,1.2159437002502325,1.476025414655254,2.445679757413385,3.168047558487796
2026-05-09T10:05:14+00:00,314,2616.667,1.215934643193162,1.380219289997765,2.162209867236017,2.461991441985836
2026-05-09T10:05:15+00:00,315,2625.0,1.215925566494914,1.3802957168572787,2.1624638526498274,2.4619428514369246
2026-05-09T10:05:16+00:00,316,2633.333,1.215916470160009,1.3803721324756595,2.1627179164826105,2.461894284380281
2026-05-09T10:05:17+00:00,317,2641.667,1.2159073548216104,1.3804485375345787,2.1629720575323654,2.4618457454451748
2026-05-09T10:05:18+00:00,318,2650.0,1.2158982201378028,1.2934362230290803,1.6604926050049127,3.166738981412264
2026-05-09T10:05:19+00:00,319,2658.333,1.2158890658305754,,,
2026-05-09T10:05:20+00:00,320,2666.667,1.215879891376513,,,
2026-05-09T10:05:21+00:00,321,2675.0,1.2158706968589423,,,
2026-05-09T10:05:22+00:00,322,2683.333,1.2158614827321055,,,
2026-05-09T10:05:23+00:00,323,2691.667,1.215852249000605,,,
2026-05-09T10:05:24+00:00,324,2700.0,1.215842995669064,,,
2026-05-09T10:05:25+00:00,325,2708.333,1.2158337227421119,,,
2026-05-09T10:05:26+00:00,326,2716.667,1.2158244329258983,,,
2026-05-09T10:05:27+00:00,327,2725.0,1.2158151235218777,,,
2026-05-09T10:05:28+00:00,328,2733.333,1.2158057911434694,,,
2026-05-09T10:05:29+00:00,329,2741.667,1.2157964385050761,1.8622891070704648,3.6669683163971847,2.46126509275726
2026-05-09T10:05:30+00:00,330,2750.0,1.2157870662951862,1.4122535334956088,2.441090967245586,2.4612168441977595
2026-05-09T10:05:31+00:00,331,2758.333,1.2157776744252982,1.4122635748702486,2.440820682981616,2.4611686184784114
2026-05-09T10:05:32+00:00,332,2766.667,1.2157682624946191,1.4122735846227887,2.440550359488474,2.461120412653286
2026-05-09T10:05:33+00:00,333,2775.0,1.2157588310068452,1.4122835640516727,2.440279998024461,2.46107223034981
2026-05-09T10:05:34+00:00,334,2783.333,1.215749382066244,1.4122935186321948,2.440009603240472,2.461024086928066
2026-05-09T10:05:35+00:00,335,2791.667,1.2157399140379166,1.2157399140379166,1.6588900863425153,2.460975970397602
2026-05-09T10:05:36+00:00,336,2800.0,1.215730426404119,1.215730426404119,1.6587957995525073,2.460927876934503
2026-05-09T10:05:37+00:00,337,2808.333,1.2157209190325549,1.2157209190325549,1.6587015107710743,2.460879805529704
2026-05-09T10:05:38+00:00,338,2816.667,1.2157113921267948,1.2157113921267948,1.6586072199269544,2.4608317576496552
2026-05-09T10:05:39+00:00,339,2825.0,1.2157018491322449,1.2157018491322449,1.6585129251198838,2.4607837589348764
2026-05-09T10:05:40+00:00,340,2833.333,1.2156922868458078,1.2156922868458078,1.6584186281831081,2.46073578548655
2026-05-09T10:05:41+00:00,341,2841.667,1.215682714714477,1.2929932360246035,1.6583243221103134,3.160724219763885
2026-05-09T10:05:42+00:00,342,2850.0,1.2156731205811404,1.2929736952735351,1.6582300158723813,3.1604629464973235
2026-05-09T10:05:43+00:00,343,2858.333,1.2156634984441401,1.476046717437159,2.437574432644301,3.1602016429335005
2026-05-09T10:05:44+00:00,344,2866.667,1.2156538568009276,1.412391496054476,2.4373036730050615,2.4605442393521058
2026-05-09T10:05:45+00:00,345,2875.0,1.215644195656388,1.6661118029830628,12.973147316593764,2.46049637377877
2026-05-09T10:05:46+00:00,346,2883.333,1.215634515015416,1.5373343615632127,2.6276042509339725,2.4604485317375038
2026-05-09T10:05:47+00:00,347,2891.667,1.2156248115861394,1.5703398750551283,2.7903187912307077,2.4604006896722286
2026-05-09T10:05:48+00:00,348,2900.0,1.2156150903779606,1.5704568570280308,2.7903850502667535,2.460352882865634
2026-05-09T10:05:49+00:00,349,2908.333,1.2156053496888253,1.268271521056606,1.7219072198006216,2.460305099598762
2026-05-09T10:05:50+00:00,350,2916.667,1.215595589523688,1.215595589523688,1.6574755535772132,2.4602573398731407
2026-05-09T10:05:51+00:00,351,2925.0,1.2155858078657213,1.2155858078657213,1.6573812394854202,2.4602095888118436
2026-05-09T10:05:52+00:00,352,2933.333,1.215576006598068,1.4124676251494805,2.435136273914298,2.4601618602353326
2026-05-09T10:05:53+00:00,353,2941.667,1.2155661858702587,1.4124769997979705,2.434865186465202,2.460114155208788
2026-05-09T10:05:54+00:00,354,2950.0,1.2155563402554583,1.4124863297421852,2.434594048401066,2.4600664364843143
2026-05-09T10:05:55+00:00,355,2958.333,1.2155464734089412,1.4124956245329086,2.4343228674623307,2.4600187309470045
2026-05-09T10:05:56+00:00,356,2966.667,1.21553660135096,1.21553660135096,1.6569096442886655,2.4599711490704403
2026-05-09T10:05:57+00:00,357,2975.0,1.2155267102432727,1.4125141988213348,2.4337804773703375,2.4599235937538197
2026-05-09T10:05:58+00:00,358,2983.333,1.2155167982023323,1.4125234369715247,2.433509228730181,2.459876050570829
2026-05-09T10:05:59+00:00,359,2991.667,1.21550686862959,1.4125326496811301,2.433237949006799,2.459828545521156
2026-05-09T10:06:00+00:00,360,3000.0,1.2154969239131312,1.4125418431631092,2.432966641443102,2.4597810973194525
2026-05-09T10:06:01+00:00,361,3008.333,1.2154869597709324,1.536145389737766,2.620210968025071,2.4597336726545826
2026-05-09T10:06:02+00:00,362,3016.667,1.2154769762080824,1.536066239477688,2.6197200329087673,2.4596862715280414
2026-05-09T10:06:03+00:00,363,3025.0,1.2154669732296877,1.5946841614758607,2.619229338734481,3.1549791711159636
2026-05-09T10:06:04+00:00,364,3033.333,1.215456950840868,1.5945957246304232,2.61873888543912,3.154718271755476
2026-05-09T10:06:05+00:00,365,3041.667,1.2154469090467523,1.3424566270238338,1.7202961470253928,3.1544573905732953
2026-05-09T10:06:06+00:00,366,3050.0,1.2154368453509725,1.9442666416677519,2.6996932723197746,3.154196514058514
2026-05-09T10:06:07+00:00,367,3058.333,1.2154267593593862,1.476043243328521,2.4310665389176354,3.153935640356404
2026-05-09T10:06:08+00:00,368,3066.667,1.21541665407503,1.412614261378686,2.4307949555305166,2.4594022576453085
2026-05-09T10:06:09+00:00,369,3075.0,1.215406526385998,1.4126231592540324,2.4305233360811593,2.459354957220993
2026-05-09T10:06:10+00:00,370,3083.333,1.2153963757008186,1.4126320171812734,2.430251676706982,2.45930765361565
2026-05-09T10:06:11+00:00,371,3091.667,1.2153861973842073,1.412640822871096,2.42997996319466,2.4592603155326045
2026-05-09T10:06:12+00:00,372,3100.0,1.2153759951026444,1.6011421001560706,4.5120263870051565,2.4592129689239712
2026-05-09T10:06:13+00:00,373,3108.333,1.2153657734677674,2.0150702759108787,4.513758316323861,3.1523705090261167
2026-05-09T10:06:14+00:00,374,3116.667,1.2153555324848302,1.8327157567730437,2.792290129765669,3.1521096817857757
2026-05-09T10:06:15+00:00,375,3125.0,1.215345272159106,1.573624246954403,2.7923703683996144,2.4590710707189003
2026-05-09T10:06:16+00:00,376,3133.333,1.2153349935377362,1.5737418442775817,2.7924511238408294,2.459023825551494
2026-05-09T10:06:17+00:00,377,3141.667,1.2153246973815073,1.573859469041959,2.7925323970137654,2.4589766161077153
2026-05-09T10:06:18+00:00,378,3150.0,1.2153143818975354,1.2153143818975354,1.6548342132333023,2.4589294302693228
2026-05-09T10:06:19+00:00,379,3158.333,1.2153040485640407,1.2922338184516713,1.6547398694779223,3.1508058758672197
2026-05-09T10:06:20+00:00,380,3166.667,1.2152936941646335,1.7159465352628398,3.124959907445887,32.25133823846933
2026-05-09T10:06:21+00:00,381,3175.0,1.2152833263872602,1.4760323576220198,2.427261022333332,3.1502845182079886
2026-05-09T10:06:22+00:00,382,3183.333,1.2152729418485253,1.5344843135747253,2.609951141838455,2.4587410296640853
2026-05-09T10:06:23+00:00,383,3191.667,1.2152625433983073,1.534405349660326,2.609465234393303,2.4586940612557555
2026-05-09T10:06:24+00:00,384,3200.0,1.2152521401424385,1.4127525802258316,2.426444845389456,2.458647228538185
2026-05-09T10:06:25+00:00,385,3208.333,1.2152417118906629,1.4127610138555777,2.4261727356547165,2.4586003745950875
2026-05-09T10:06:26+00:00,386,3216.667,1.2152312572350858,1.412769398371075,2.4259005872108577,2.4585534878184365
2026-05-09T10:06:27+00:00,387,3225.0,1.2152207846952248,1.4127777560966344,2.42562841125126,2.458506635265358
2026-05-09T10:06:28+00:00,388,3233.333,1.2152102928744175,1.4127860833419885,2.425356205455778,2.4584598063010317
2026-05-09T10:06:29+00:00,389,3241.667,1.2151997830812225,1.5814487551513707,3.12395661598928,3.225430426035463
2026-05-09T10:06:30+00:00,390,3250.0,1.2151892522941508,1.533853037259345,2.6060706790483503,2.4583662260402117
2026-05-09T10:06:31+00:00,391,3258.333,1.2151787021226617,1.533774166656686,2.6055866945856283,2.458319463715492
2026-05-09T10:06:32+00:00,392,3266.667,1.215168132692314,1.215168132692314,1.6535132622595141,2.4582727249866725
2026-05-09T10:06:33+00:00,393,3275.0,1.2151575445949114,1.2151575445949114,1.6534189044822882,2.4582260143645254
2026-05-09T10:06:34+00:00,394,3283.333,1.2151469386497344,1.2151469386497344,1.6533245455107968,2.4581793381116226
2026-05-09T10:06:35+00:00,395,3291.667,1.2151363213172497,1.4128435482424389,2.4234499527420015,2.4581327494558396
2026-05-09T10:06:36+00:00,396,3300.0,1.2151256871319793,1.4128516622724845,2.4231775265995017,2.4580862027551547
2026-05-09T10:06:37+00:00,397,3308.333,1.2151150392850292,1.4128597604065238,2.4229050751400316,2.4580397261767772
2026-05-09T10:06:38+00:00,398,3316.667,1.2151043734834592,1.2151043734834592,1.6529470620612587,2.4579932843289516
2026-05-09T10:06:39+00:00,399,3325.0,1.2150936921744515,1.2150936921744515,1.6528526820681515,2.45794689868587
2026-05-09T10:06:40+00:00,400,3333.333,1.2150830016043066,1.2150830016043066,1.6527582807423828,2.4579006425037435
2026-05-09T10:06:41+00:00,401,3341.667,1.215072316092757,1.3868220160631721,2.184575536782754,2.4578546955023715
2026-05-09T10:06:42+00:00,402,3350.0,1.2150616046115081,1.2150616046115081,1.6525693784185869,2.4578086659581238
2026-05-09T10:06:43+00:00,403,3358.333,1.2150508546458352,1.2150508546458352,1.6524749854262462,2.457762452678016
2026-05-09T10:06:44+00:00,404,3366.667,1.2150400678013666,1.2150400678013666,1.6523806144044677,2.457716106805524
2026-05-09T10:06:45+00:00,405,3375.0,1.2150292432719558,1.2150292432719558,1.6522862537965244,2.4576696463927146
2026-05-09T10:06:46+00:00,406,3383.333,1.387198413229633,1.387198413229633,2.18587582068595,2.457623050213912
2026-05-09T10:06:47+00:00,407,3391.667,1.3872735863682186,1.3872735863682186,2.186136140687148,2.4575764060412153
2026-05-09T10:06:48+00:00,408,3400.0,1.3873487434797291,1.3873487434797291,2.186396558947395,2.4575297457428733
2026-05-09T10:06:49+00:00,409,3408.333,1.3874238945520185,1.3874238945520185,2.1866570801676946,2.4574831156340813
2026-05-09T10:06:50+00:00,410,3416.667,1.3874990427460547,1.3874990427460547,2.1869175464838375,2.457436672309793
2026-05-09T10:06:51+00:00,411,3425.0,1.3875741717245975,1.68340513477901,2.1871780213460807,3.1424774279182435
2026-05-09T10:06:52+00:00,412,3433.333,1.387649272140984,1.6835349725747315,2.1874385888087025,3.1422173638848427
2026-05-09T10:06:53+00:00,413,3441.667,1.3877243654216604,1.3877243654216604,2.1876991932219894,2.4572974200817517
2026-05-09T10:06:54+00:00,414,3450.0,1.3877994592919762,1.6837943463206855,2.1879598151391724,3.1416974288716704
2026-05-09T10:06:55+00:00,415,3458.333,1.3878745373648989,1.5783474972251987,2.796000281868713,2.4572049500924007
2026-05-09T10:06:56+00:00,416,3466.667,1.3879496022156674,1.8403370241738843,2.796101479877236,3.141177656546205
2026-05-09T10:06:57+00:00,417,3475.0,1.3880246524091955,1.6357586696849535,4.466731536819449,2.457112613812007
2026-05-09T10:06:58+00:00,418,3483.333,1.3880996765135551,1.9877454123445542,13.310427055195188,2.4570664217380775
2026-05-09T10:06:59+00:00,419,3491.667,1.3881746806724191,2.382594054445915,13.301210446955501,3.140398105490299
2026-05-09T10:07:00+00:00,420,3500.0,1.3882496677613372,1.9375298700719528,2.690099781024788,3.1401382733196233
2026-05-09T10:07:01+00:00,421,3508.333,1.3883246411699588,1.6846994998981601,2.189785741819739,3.1398784738705183
2026-05-09T10:07:02+00:00,422,3516.667,1.38839959712683,1.38839959712683,2.190046811637618,2.4568817883386833
2026-05-09T10:07:03+00:00,423,3525.0,1.388474533907056,1.5792961550687963,2.796823931288483,2.456835669060382
2026-05-09T10:07:04+00:00,424,3533.333,1.3885494540075944,1.5794148162165231,2.796929149634624,2.456789570062602
2026-05-09T10:07:05+00:00,425,3541.667,1.388624361915383,1.5257627457751,2.6892199389986358,2.4567435225555485
2026-05-09T10:07:06+00:00,426,3550.0,1.3886992505328413,2.317699614605928,13.237085606456482,3.2233993186009804
2026-05-09T10:07:07+00:00,427,3558.333,1.3887741179003898,1.3887741179003898,2.1913529790906687,2.456651424653021
2026-05-09T10:07:08+00:00,428,3566.667,1.3888489661337715,1.5257046209004463,2.6886927629964648,2.4566053748401044
2026-05-09T10:07:09+00:00,429,3575.0,1.3889237940445185,1.7590395987372076,4.454002640888051,3.2232371848050354
2026-05-09T10:07:10+00:00,430,3583.333,1.388998606068904,1.388998606068904,2.1921373667907593,2.456513292680655
2026-05-09T10:07:11+00:00,431,3591.667,1.3890734019819972,1.7593158621474785,4.451894513576149,3.2231292999990937
2026-05-09T10:07:12+00:00,432,3600.0,1.3891481816980786,1.580364745707923,2.797788933023636,2.4564213203005623
2026-05-09T10:07:13+00:00,433,3608.333,1.38922294641457,1.5804835769978745,2.7978986646649435,2.456375383753791
2026-05-09T10:07:14+00:00,434,3616.667,1.389297694667632,1.987606315385227,13.164625621443742,2.4563294726900544
2026-05-09T10:07:15+00:00,435,3625.0,1.3893724260222071,1.5807213032805314,2.798119633515255,2.456283584227172
2026-05-09T10:07:16+00:00,436,3633.333,1.3894471386792555,1.5808401915685648,2.7982308650269796,2.456237704651931
2026-05-09T10:07:17+00:00,437,3641.667,1.3895218373388127,1.8441513310794373,2.798342604219089,3.1357243613957113
2026-05-09T10:07:18+00:00,438,3650.0,1.3895965222306523,1.8443330086906748,2.798454850068877,3.135464942944783
2026-05-09T10:07:19+00:00,439,3658.333,1.389671192804555,1.389671192804555,2.194493188920582,2.4561003357805102
2026-05-09T10:07:20+00:00,440,3666.667,1.3897458554804238,1.581316045095444,2.7986808532554366,2.456054663106244
2026-05-09T10:07:21+00:00,441,3675.0,1.3898205002483262,1.5814350825906316,2.798794615701232,2.4560090190717294
2026-05-09T10:07:22+00:00,442,3683.333,1.389895132896572,1.581554152522048,2.7989088832323534,2.455963429993911
2026-05-09T10:07:23+00:00,443,3691.667,1.3899697491003156,1.5816732447718278,2.7990236512279814,2.455917869054404
2026-05-09T10:07:24+00:00,444,3700.0,1.3900443486816072,1.5817923588699045,2.7991389190764053,2.4558723351806098
2026-05-09T10:07:25+00:00,445,3708.333,1.3901189325069834,2.054727704652181,2.6857155911555766,42.28265430579864
2026-05-09T10:07:26+00:00,446,3716.667,1.3901935067348992,2.3191816046669773,13.057570451552525,3.2223297490687695
2026-05-09T10:07:27+00:00,447,3725.0,1.3902680567007109,1.987493711813423,13.04873647179786,2.455735951939637
2026-05-09T10:07:28+00:00,448,3733.333,1.3903425935552998,2.077263756219245,4.434133085133784,3.0656208729031262
2026-05-09T10:07:29+00:00,449,3741.667,1.3904171129899827,2.5090687104387763,13.031108491577308,3.06554609800542
2026-05-09T10:07:30+00:00,450,3750.0,1.390491614957008,2.097119867569893,2.684843188596778,16.746370301681672
2026-05-09T10:07:31+00:00,451,3758.333,1.3905661034525554,2.32970098119746,8.288921557395089,3.06539666838582
2026-05-09T10:07:32+00:00,452,3766.667,1.3906405793281258,4.171268796139724,4.65839461740584,16.733422500763776
2026-05-09T10:07:33+00:00,453,3775.0,1.3907150375934225,6.3154136263103355,8.28998921908319,16.726960939954182
2026-05-09T10:07:34+00:00,454,3783.333,1.3907894782006232,2.096699520618068,2.684146364609916,16.720507543763087
2026-05-09T10:07:35+00:00,455,3791.667,1.3908639011018777,2.8783685651039876,4.116745902125386,16.714062298955128
2026-05-09T10:07:36+00:00,456,3800.0,1.390938306249331,4.177551305032439,4.666140071316844,16.70762519232122
2026-05-09T10:07:37+00:00,457,3808.333,1.3910126979740591,4.2674852961839305,12.550917448198755,16.701196318516935
2026-05-09T10:07:38+00:00,458,3816.667,1.3910870722692432,2.3791323131525086,12.95243372106775,3.1302838125397074
2026-05-09T10:07:39+00:00,459,3825.0,1.3911614286675456,1.5544338135828786,4.115328006245358,2.455193246228878
2026-05-09T10:07:40+00:00,460,3833.333,1.3912357667665525,2.1376692653211213,4.114974498636199,3.129766384988289
2026-05-09T10:07:41+00:00,461,3841.667,1.3913100726556658,1.689792632910808,2.200266948212842,3.1295076517618967
2026-05-09T10:07:42+00:00,462,3850.0,1.3913843605027052,1.88766985232131,2.2005299043644597,16.669172647977298
2026-05-09T10:07:43+00:00,463,3858.333,1.3914586344102244,1.8877981626421163,2.200792898337554,16.662791994685566
2026-05-09T10:07:44+00:00,464,3866.667,1.3915328904308397,1.6901689875419659,2.2010559340461295,3.1287316490088295
2026-05-09T10:07:45+00:00,465,3875.0,1.391607126462556,1.5125293291050133,2.2013190134477845,3.0643547161218616
2026-05-09T10:07:46+00:00,466,3883.333,1.3916813408259863,1.8881826156968617,2.2015821380450107,16.64369801136537
2026-05-09T10:07:47+00:00,467,3891.667,1.3917555276326925,1.8894557350109809,3.521653954274991,3.127955822591058
2026-05-09T10:07:48+00:00,468,3900.0,1.3918296916215458,1.6906695781177876,2.2021085435992473,3.127697221252189
2026-05-09T10:07:49+00:00,469,3908.333,1.391903837232733,1.6907945106245161,2.2023718107205172,3.127438647453914
2026-05-09T10:07:50+00:00,470,3916.667,1.391977964460634,1.423592192276808,3.523875307139714,2.45469803625661
2026-05-09T10:07:51+00:00,471,3925.0,1.3920520733795299,1.691044107069884,2.2028984654131616,3.126921583794192
2026-05-09T10:07:52+00:00,472,3933.333,1.3921261637764824,1.3921261637764824,2.2031618525110632,2.4546081617290434
2026-05-09T10:07:53+00:00,473,3941.667,1.3922002359827805,1.5852558737270304,2.802697985932558,2.454563262546225
2026-05-09T10:07:54+00:00,474,3950.0,1.392274289592425,1.6428304206925992,4.407510884218372,2.454518387244214
2026-05-09T10:07:55+00:00,475,3958.333,1.3923483242930523,2.278977927592422,3.641620120910742,3.125887795648986
2026-05-09T10:07:56+00:00,476,3966.667,1.3924223362870296,1.8853649565625905,8.30245747377783,2.4544286780878113
2026-05-09T10:07:57+00:00,477,3975.0,1.3924963276896203,2.0326614719342717,4.707496895852963,3.125371031551003
2026-05-09T10:07:58+00:00,478,3983.333,1.392570294708967,2.0328286866587635,4.709495618710096,3.1251126676075627
2026-05-09T10:07:59+00:00,479,3991.667,1.3926442454068204,1.8517839152465687,2.8034860866832485,3.1248543414098378
2026-05-09T10:08:00+00:00,480,4000.0,1.3927181749119402,1.5860940342771808,2.803619145096541,2.4542493440985176
2026-05-09T10:08:01+00:00,481,4008.333,1.392792085019285,1.7662229172238793,4.400454272580919,3.2205183500302934
2026-05-09T10:08:02+00:00,482,4016.667,1.3928659785722746,2.321871191340802,12.747680055576396,3.220467375264088
2026-05-09T10:08:03+00:00,483,4025.0,1.3929398559973463,1.860950435793554,3.640319384365202,2.454115099943939
2026-05-09T10:08:04+00:00,484,4033.333,1.393013710966098,1.393013710966098,2.2063256634003285,2.4540703945859255
2026-05-09T10:08:05+00:00,485,4041.667,1.393087540073965,1.393087540073965,2.2065895838922827,2.4540256620762095
2026-05-09T10:08:06+00:00,486,4050.0,1.393161346656543,1.607612700105462,3.535672663047,3.0627995662901655
2026-05-09T10:08:07+00:00,487,4058.333,1.3932351343554767,1.9298951814865801,2.8045642299068323,3.0627257118898337
2026-05-09T10:08:08+00:00,488,4066.667,1.3933089013585476,2.4468995506922346,4.393444559581408,53.2408249182619
2026-05-09T10:08:09+00:00,489,4075.0,1.393382647889946,1.6446996018763806,4.392446947257746,2.4538468334209824
2026-05-09T10:08:10+00:00,490,4083.333,1.3934563750404638,1.3934563750404638,2.207909807896854,2.453802171881954
2026-05-09T10:08:11+00:00,491,4091.667,1.3935300835666846,1.8539646216149794,2.80511494250304,3.121756385660562
2026-05-09T10:08:12+00:00,492,4100.0,1.3936037725665578,1.9300717315627536,2.8052538419754116,3.062356757860945
2026-05-09T10:08:13+00:00,493,4108.333,1.3936774418546645,2.3461699065571686,2.8053932281575227,16.47502448633848
2026-05-09T10:08:14+00:00,494,4116.667,1.3937510915676568,1.5877726813417765,2.8055331015959633,2.453623790855403
2026-05-09T10:08:15+00:00,495,4125.0,1.3938247240517294,1.768153575235779,4.386481679607701,3.2198078350408816
2026-05-09T10:08:16+00:00,496,4133.333,1.3938983377233447,1.7682914475708886,4.385490897407029,3.219757506394458
2026-05-09T10:08:17+00:00,497,4141.667,1.3939719602880767,1.5881328651938407,2.805955585183087,2.4534903733280737
2026-05-09T10:08:18+00:00,498,4150.0,1.3940455907258966,1.3940455907258966,2.210024243761855,2.4534460298058143
2026-05-09T10:08:19+00:00,499,4158.333,1.3941192022557423,1.3941192022557423,2.2102888618716743,2.453401713676398
2026-05-09T10:08:20+00:00,500,4166.667,1.3941927939890937,1.3941927939890937,2.2105535125273104,2.4533574212662685
2026-05-09T10:08:21+00:00,501,4175.0,1.3942663658774228,1.3942663658774228,2.210818195445383,2.453313152576937
2026-05-09T10:08:22+00:00,502,4183.333,1.394339918967019,1.394339918967019,2.211082910972112,2.4532689124872866
2026-05-09T10:08:23+00:00,503,4191.667,1.3944134555844945,1.3944134555844945,2.2113476601962487,2.4532247115693706
2026-05-09T10:08:24+00:00,504,4200.0,1.3944869722133488,1.3944869722133488,2.211612440841948,2.4531805343691397
2026-05-09T10:08:25+00:00,505,4208.333,1.3945604688048399,1.3945604688048399,2.2118772526243866,2.4531363808874778
2026-05-09T10:08:26+00:00,506,4216.667,1.3946339514241,1.3946339514241,2.2121420980626945,2.453092278966022
2026-05-09T10:08:27+00:00,507,4225.0,1.3947074154551617,1.3947074154551617,2.2124069747907185,2.453048207783101
2026-05-09T10:08:28+00:00,508,4233.333,1.39478087633739,1.39478087633739,2.2126718855714462,2.4530042413934194
2026-05-09T10:08:29+00:00,509,4241.667,1.3948543171035266,1.3948543171035266,2.2129368235562947,2.452960301703648
2026-05-09T10:08:30+00:00,510,4250.0,1.394927736651291,1.394927736651291,2.2132017940389663,2.4529163786021937
2026-05-09T10:08:31+00:00,511,4258.333,1.3950011433082348,1.3950011433082348,2.213466794021362,2.452872515945895
2026-05-09T10:08:32+00:00,512,4266.667,1.3950745410078336,1.6960852109036946,2.2137318218634943,3.1163505270609644
2026-05-09T10:08:33+00:00,513,4275.0,1.3951479138807152,1.3951479138807152,2.21399687956704,2.4527849542649722
2026-05-09T10:08:34+00:00,514,4283.333,1.3952212740489156,1.3952212740489156,2.2142619638662278,2.4527412377496414
2026-05-09T10:08:35+00:00,515,4291.667,1.3952946165093738,1.3952946165093738,2.21452707583221,2.4526975593437763
2026-05-09T10:08:36+00:00,516,4300.0,1.3953679384131115,1.3953679384131115,2.2147922158579147,2.452653904592092
2026-05-09T10:08:37+00:00,517,4308.333,1.3954412398740612,1.3954412398740612,2.215057383595161,2.4526102743528013
2026-05-09T10:08:38+00:00,518,4316.667,1.3955145207141355,1.3955145207141355,2.2153225788020388,2.4525666679462614
2026-05-09T10:08:39+00:00,519,4325.0,1.3955877795478793,1.3955877795478793,2.21558780165756,2.4525230783556706
2026-05-09T10:08:40+00:00,520,4333.333,1.3956610173417714,1.3956610173417714,2.2158530515150785,2.4524795109172177
2026-05-09T10:08:41+00:00,521,4341.667,1.3957342351461945,1.3957342351461945,2.2161183276885374,2.4524359714118895
2026-05-09T10:08:42+00:00,522,4350.0,1.3958074343186893,1.3958074343186893,2.216383629377804,2.45239246723343
2026-05-09T10:08:43+00:00,523,4358.333,1.3958806125930425,1.3958806125930425,2.2166489570989936,2.4523489867171095
2026-05-09T10:08:44+00:00,524,4366.667,1.3959537686853005,1.591383591824223,2.809950520633415,2.452305523356054
2026-05-09T10:08:45+00:00,525,4375.0,1.396026903577957,1.5915042800600625,2.8101052340406363,2.4522620825904653
2026-05-09T10:08:46+00:00,526,4383.333,1.3961000137604904,1.5916249788720136,2.8102604262631607,2.4522186463733
2026-05-09T10:08:47+00:00,527,4391.667,1.3961731005739255,1.5917456909277075,2.810416097562912,2.452175222074321
2026-05-09T10:08:48+00:00,528,4400.0,1.3962461624056668,1.5861043796180374,5.245907854583239,2.4521318018502516
2026-05-09T10:08:49+00:00,529,4408.333,1.3963191994455095,1.3963191994455095,2.2182414655181018,2.4520883870768726
2026-05-09T10:08:50+00:00,530,4416.667,1.396392211890758,1.5921078912333582,2.810885982602705,2.4520449793804624
2026-05-09T10:08:51+00:00,531,4425.0,1.3964651886323252,1.5922286281139806,2.81104356759364,2.4520015252750627
2026-05-09T10:08:52+00:00,532,4433.333,1.396538135632643,1.5923493687827037,2.8112016325361973,2.4519580563460766
2026-05-09T10:08:53+00:00,533,4441.667,1.396611062735658,1.5924701289510501,2.811360174907115,2.451914617669918
2026-05-09T10:08:54+00:00,534,4450.0,1.3966839544440133,1.5925908846716936,2.811519199085152,2.4518711403673263
2026-05-09T10:08:55+00:00,535,4458.333,1.3967568264893924,1.3967568264893924,2.219834819261949,2.4518276942354897
2026-05-09T10:08:56+00:00,536,4466.667,1.3968296779186236,1.5235528885934186,2.6700992563572497,2.451784275947781
2026-05-09T10:08:57+00:00,537,4475.0,1.396902505592328,1.396902505592328,2.220366109418443,2.4517408719171
2026-05-09T10:08:58+00:00,538,4483.333,1.3969753114200463,1.3969753114200463,2.2206317862126554,2.451697490792151
2026-05-09T10:08:59+00:00,539,4491.667,1.3970480955494984,1.3970480955494984,2.2208974842559335,2.451654133442687
2026-05-09T10:09:00+00:00,540,4500.0,1.3971208579316559,1.3971208579316559,2.221163203251782,2.4516107998702283
2026-05-09T10:09:01+00:00,541,4508.333,1.397193598517468,1.397193598517468,2.2214289429033287,2.4515674900763207
2026-05-09T10:09:02+00:00,542,4516.667,1.3972663172578763,1.3972663172578763,2.2216947029134033,2.4515242040625127
2026-05-09T10:09:03+00:00,543,4525.0,1.3973390184601533,1.3973390184601533,2.221960485476495,2.451480961094035
2026-05-09T10:09:04+00:00,544,4533.333,1.3974116981826954,1.3974116981826954,2.222226288077688,2.4514377439435338
2026-05-09T10:09:05+00:00,545,4541.667,1.3974843557440029,1.3974843557440029,2.2224921100288877,2.451394549840498
